version,workers,corrida,tiempo_ms
secuencial,1,1,1693.215
secuencial,1,2,1750.611
secuencial,1,3,2150.802
secuencial,1,4,2019.031
secuencial,1,5,1964.477
secuencial,1,6,1984.234
secuencial,1,7,1943.747
secuencial,1,8,2059.034
secuencial,1,9,2047.448
secuencial,1,10,1938.979
secuencial,1,11,1909.992
secuencial,1,12,1950.862
secuencial,1,13,1891.486
secuencial,1,14,2008.987
secuencial,1,15,2056.945
concurrente,2,1,1225.984
concurrente,2,2,1223.781
concurrente,2,3,1154.279
concurrente,2,4,1104.431
concurrente,2,5,1372.290
concurrente,2,6,1321.227
concurrente,2,7,1122.051
concurrente,2,8,1164.613
concurrente,2,9,1190.170
concurrente,2,10,1019.796
concurrente,2,11,1115.322
concurrente,2,12,1149.566
concurrente,2,13,1213.860
concurrente,2,14,1236.637
concurrente,2,15,1110.201
concurrente,4,1,739.870
concurrente,4,2,758.896
concurrente,4,3,696.248
concurrente,4,4,724.118
concurrente,4,5,673.564
concurrente,4,6,671.786
concurrente,4,7,704.139
concurrente,4,8,697.514
concurrente,4,9,635.418
concurrente,4,10,715.811
concurrente,4,11,663.100
concurrente,4,12,766.511
concurrente,4,13,700.938
concurrente,4,14,655.328
concurrente,4,15,670.828
concurrente,6,1,496.416
concurrente,6,2,481.657
concurrente,6,3,490.584
concurrente,6,4,462.818
concurrente,6,5,464.480
concurrente,6,6,480.287
concurrente,6,7,443.336
concurrente,6,8,450.951
concurrente,6,9,449.469
concurrente,6,10,469.187
concurrente,6,11,535.645
concurrente,6,12,487.286
concurrente,6,13,465.389
concurrente,6,14,570.217
concurrente,6,15,452.102
concurrente,8,1,437.068
concurrente,8,2,503.145
concurrente,8,3,450.187
concurrente,8,4,517.990
concurrente,8,5,379.831
concurrente,8,6,390.636
concurrente,8,7,537.128
concurrente,8,8,483.535
concurrente,8,9,412.623
concurrente,8,10,439.520
concurrente,8,11,471.320
concurrente,8,12,478.696
concurrente,8,13,447.054
concurrente,8,14,439.019
concurrente,8,15,396.553
concurrente,12,1,383.183
concurrente,12,2,382.147
concurrente,12,3,331.127
concurrente,12,4,407.848
concurrente,12,5,326.102
concurrente,12,6,437.847
concurrente,12,7,384.336
concurrente,12,8,407.747
concurrente,12,9,406.308
concurrente,12,10,340.047
concurrente,12,11,460.144
concurrente,12,12,345.218
concurrente,12,13,419.427
concurrente,12,14,365.320
concurrente,12,15,387.522
concurrente,16,1,352.819
concurrente,16,2,397.434
concurrente,16,3,368.035
concurrente,16,4,374.947
concurrente,16,5,453.428
concurrente,16,6,401.245
concurrente,16,7,392.013
concurrente,16,8,370.176
concurrente,16,9,402.960
concurrente,16,10,397.545
concurrente,16,11,395.656
concurrente,16,12,377.454
concurrente,16,13,354.310
concurrente,16,14,418.171
concurrente,16,15,382.323
